id,name,group,sites,suffix,badge,mode,countries,country_ids,country_rankings,regions,work_mode,roles,company_stage,priority,description,source_type,focus,source_url
greenhouse,Greenhouse,ATS platforms,greenhouse.io,,Popular,,,,,Global,mixed,,,60,ATS/career infrastructure source,,,
lever,Lever,ATS platforms,lever.co,-jobgether,,,,,,Global,mixed,,,60,ATS/career infrastructure source,,,
ashby,Ashby,ATS platforms,ashbyhq.com,,,,,,,Global,mixed,,,60,ATS/career infrastructure source,,,
pinpoint,Pinpoint,ATS platforms,pinpointhq.com,,,,,,,Global,mixed,,,60,ATS/career infrastructure source,,,
paylocity,Paylocity,ATS platforms,recruiting.paylocity.com,,,,,,,Global,mixed,,,60,ATS/career infrastructure source,,,
keka,Keka,ATS platforms,keka.com,,,,,,,Global,mixed,,,60,ATS/career infrastructure source,,,
workable,Workable,ATS platforms,jobs.workable.com,,,,,,,Global,mixed,,,60,ATS/career infrastructure source,,,
breezyhr,BreezyHR,ATS platforms,breezy.hr,,,,,,,Global,mixed,,,60,ATS/career infrastructure source,,,
zoho,Zoho Recruit,ATS platforms,zohorecruit.com,,,,,,,Global,mixed,,,60,ATS/career infrastructure source,,,
oracle,Oracle Cloud,ATS platforms,oraclecloud.com,,,,,,,Global,mixed,,,60,ATS/career infrastructure source,,,
workday,Workday,ATS platforms,myworkdayjobs.com,,Popular,,,,,Global,mixed,,,60,ATS/career infrastructure source,,,
recruitee,Recruitee,ATS platforms,recruitee.com;tellent.com,,,,,,,Global,mixed,,,60,ATS/career infrastructure source,,,
rippling,Rippling,ATS platforms,rippling.com;rippling-ats.com,,,,,,,Global,mixed,,,60,ATS/career infrastructure source,,,
gusto,Gusto,ATS platforms,jobs.gusto.com,,,,,,,Global,mixed,,,60,ATS/career infrastructure source,,,
careerpuck,CareerPuck,ATS platforms,careerpuck.com,,,,,,,Global,mixed,,,60,ATS/career infrastructure source,,,
teamtailor,Teamtailor,ATS platforms,teamtailor.com,,,,,,,Global,mixed,,,60,ATS/career infrastructure source,,,
smartrecruiters,SmartRecruiters,ATS platforms,jobs.smartrecruiters.com,,,,,,,Global,mixed,,,60,ATS/career infrastructure source,,,
talentreef,TalentReef,ATS platforms,jobappnetwork.com,,,,,,,Global,mixed,,,60,ATS/career infrastructure source,,,
homerun,Homerun,ATS platforms,homerun.co,,,,,,,Global,mixed,,,60,ATS/career infrastructure source,,,
gem,Gem,ATS platforms,gem.com,,,,,,,Global,mixed,,,60,ATS/career infrastructure source,,,
trakstar,Trakstar,ATS platforms,trakstar.com,,,,,,,Global,mixed,,,60,ATS/career infrastructure source,,,
cats,Cats,ATS platforms,catsone.com,,,,,,,Global,mixed,,,60,ATS/career infrastructure source,,,
jazzhr,JazzHR,ATS platforms,applytojob.com,,,,,,,Global,mixed,,,60,ATS/career infrastructure source,,,
jobvite,Jobvite,ATS platforms,jobvite.com,,,,,,,Global,mixed,,,60,ATS/career infrastructure source,,,
icims,iCIMS,ATS platforms,icims.com,,,,,,,Global,mixed,,,60,ATS/career infrastructure source,,,
dover,Dover,ATS platforms,dover.io;dover.com,,,,,,,Global,mixed,,,60,ATS/career infrastructure source,,,
notion,Notion,ATS platforms,notion.site,,,,,,,Global,mixed,,,60,ATS/career infrastructure source,,,
adp,ADP,ATS platforms,workforcenow.adp.com;myjobs.adp.com,,,,,,,Global,mixed,,,60,ATS/career infrastructure source,,,
factorial,Factorial,ATS platforms,factorialhr.com,,,,,,,Global,mixed,,,60,ATS/career infrastructure source,,,
trinet,TriNet Hire,ATS platforms,trinethire.com,,,,,,,Global,mixed,,,60,ATS/career infrastructure source,,,
join,Join,ATS platforms,join.com,,,,,,,Global,mixed,,,60,ATS/career infrastructure source,,,
personio,Personio,ATS platforms,personio.com;personio.de,,,,,,,Global,mixed,,,60,ATS/career infrastructure source,,,
dayforce,Dayforce,ATS platforms,dayforcehcm.com,,,,,,,Global,mixed,,,60,ATS/career infrastructure source,,,
avature,Avature,ATS platforms,avature.net,,,,,,,Global,mixed,,,60,ATS/career infrastructure source,,,
other-ats,Other ATS,Other ATS,bamboohr.com;recruiting.ultipro.com;careerplug.com;paycomonline.net;successfactors.com;taleo.net;brassring.com;csod.com;freshteam.com;comeet.com;careers-page.com;jobscore.com;applicantpro.com;applicantstack.com;careers.hireology.com;pageuppeople.com;work.fountain.com;workstream.us;recruitingbypaycor.com,,,,,,,,unknown,,,50,,,,
wellfound,Wellfound,Job boards,wellfound.com,,Popular,,,,,Global,remote|hybrid|onsite,startup|product|design|engineering|sales|operations,startup|scaleup,95,Startup-focused job marketplace,,,
workatastartup,Work at a Startup,Startup / VC,workatastartup.com,,,,,,,Global,mixed,product|design|engineering|ai|operations|sales,startup|scaleup,100,YC startup hiring ecosystem,,,
builtin,Built In,Job boards,builtin.com/job/,,Popular,,United States,united-states,united-states:4,US;Americas,mixed,product|design|engineering|ai|marketing,startup|scaleup|growth,75,Tech and startup job marketplace,specialist,Tech / startups / product,https://builtin.com/jobs
glassdoor,Glassdoor,Job boards,glassdoor.com/job-listing/,,Popular,,,,,Global,mixed,all,all,55,Large general job marketplace,,,
linkedin-google,LinkedIn (via Google),Job boards,linkedin.com/jobs,"-""No longer accepting applications"" ""apply""",Popular,,United States;Canada;Mexico;Brazil;Argentina;Colombia;United Kingdom;Germany;Netherlands;Spain;Sweden;Ireland;Italy;Switzerland;Denmark;Norway;Portugal;Austria;Belgium;Czechia;India;Singapore;South Korea;Hong Kong;Taiwan;Indonesia;Malaysia;Thailand;Vietnam;Philippines;United Arab Emirates;Saudi Arabia;Israel;Qatar;Turkey;Egypt;South Africa;Nigeria;Kenya;Morocco,united-states;canada;mexico;brazil;argentina;colombia;united-kingdom;germany;netherlands;spain;sweden;ireland;italy;switzerland;denmark;norway;portugal;austria;belgium;czechia;india;singapore;south-korea;hong-kong;taiwan;indonesia;malaysia;thailand;vietnam;philippines;united-arab-emirates;saudi-arabia;israel;qatar;turkey;egypt;south-africa;nigeria;kenya;morocco,united-states:2;canada:2;mexico:2;brazil:5;argentina:4;colombia:4;united-kingdom:2;germany:4;netherlands:2;spain:3;sweden:2;ireland:4;italy:2;switzerland:4;denmark:5;norway:3;portugal:3;austria:4;belgium:5;czechia:4;india:2;singapore:3;south-korea:4;hong-kong:5;taiwan:5;indonesia:5;malaysia:5;thailand:4;vietnam:5;philippines:5;united-arab-emirates:1;saudi-arabia:2;israel:4;qatar:4;turkey:4;egypt:4;south-africa:4;nigeria:4;kenya:5;morocco:4,Global;Americas;Europe;Asia-Pacific;Middle East & Africa,mixed,all,all,90,Broad job discovery through indexed LinkedIn listings,professional,Professional / corporate / tech,https://www.linkedin.com/jobs/
linkedin-direct,LinkedIn (direct),Job boards,,,,linkedin-direct,,,,Global,mixed,all,all,95,Direct LinkedIn job search,,,
career-pages,Company career pages,Career Pages,jobs.*;people.*;talent.*;careers.*;*/careers/*;*/career/*;*/employment/*;*/vacancies/*;*/opportunities/*;*/openings/*;*/join-us/*;*/work-with-us/*,,,,,,,Global,mixed,all,all,80,Direct company career-page discovery,,,
indeed,Indeed,Job boards,indeed.com,,,,United States,united-states,united-states:1,Global;Americas,mixed,all,all,65,Large general job marketplace,job_board,Generalist / high volume,https://www.indeed.com/
welcome-to-the-jungle,Welcome to the Jungle,Job boards,welcometothejungle.com,,Curated,,France;Germany;UK;Netherlands;Spain;Europe,france;germany;united-kingdom;netherlands;spain;europe,france:4,Europe,mixed,all,startup|scaleup|growth|enterprise,88,Curated European and global company/job marketplace,job_board,Startups / tech / modern employers,https://www.welcometothejungle.com/
dice,Dice,Job boards,dice.com,,,,United States,united-states,united-states:5,North America;Americas,mixed,engineering|data|ai|cybersecurity|product,all,70,Technology-focused job marketplace,specialist,Technology / engineering / data,https://www.dice.com/
ziprecruiter,ZipRecruiter,Job boards,ziprecruiter.com,,,,United States;Canada,united-states;canada,united-states:3,North America;Americas,mixed,all,all,55,General job marketplace,job_board,Generalist / US market,https://www.ziprecruiter.com/
monster,Monster,Job boards,monster.com,,,,,,,Global,mixed,all,all,45,General job marketplace,,,
flexjobs,FlexJobs,Job boards,flexjobs.com,,Curated,,,,,Global,remote|hybrid,all,all,75,Screened flexible and remote job marketplace,,,
jobgether,Jobgether,Job boards,jobgether.com,,Curated,,Europe;United States;Canada,europe;united-states;canada,,Europe;North America,remote|hybrid,product|design|engineering|data|business,all,92,Remote and location-aware job discovery,,,
hired,Hired,Job boards,hired.com,,,,United States;Canada;UK,united-states;canada;united-kingdom,,North America;Europe,mixed,engineering|data|product|design,all,70,Tech talent marketplace,,,
a16z,a16z Portfolio Jobs,Startup / VC,portfoliojobs.a16z.com/jobs,,VC-backed,,,,,Global,mixed,product|design|engineering|ai|data|business,startup|scaleup|growth,100,Jobs across Andreessen Horowitz portfolio companies,,,
sequoia,Sequoia Portfolio Jobs,Startup / VC,jobs.sequoiacap.com/jobs,,VC-backed,,,,,Global,mixed,product|design|engineering|ai|data|business,startup|scaleup|growth,98,Jobs across Sequoia portfolio companies,,,
accel,Accel Job Board,Startup / VC,jobs.accel.com/jobs,,VC-backed,,,,,Global,mixed,product|design|engineering|ai|data|business,startup|scaleup|growth,98,Jobs across Accel portfolio companies,,,
index-ventures,Index Ventures Jobs,Startup / VC,indexventures.com/jobs,,VC-backed,,UK;France;Germany;Netherlands;Sweden;Europe,united-kingdom;france;germany;netherlands;sweden;europe,,Europe,mixed,product|design|engineering|ai|data|business,startup|scaleup|growth,92,Jobs across Index Ventures portfolio,,,
atomico,Atomico Jobs,Startup / VC,atomico.com/jobs,,VC-backed,,UK;Germany;France;Sweden;Europe,united-kingdom;germany;france;sweden;europe,,Europe,mixed,product|design|engineering|ai|data|business,startup|scaleup|growth,90,Jobs across Atomico portfolio companies,,,
balderton,Balderton Jobs,Startup / VC,balderton.com/jobs,,VC-backed,,UK;France;Germany;Europe,united-kingdom;france;germany;europe,,Europe,mixed,product|design|engineering|ai|data|business,startup|scaleup|growth,90,Jobs across Balderton portfolio companies,,,
speedinvest,Speedinvest Jobs,Startup / VC,speedinvest.com/jobs,,VC-backed,,Germany;Austria;France;UK;Europe,germany;austria;france;united-kingdom;europe,,Europe,mixed,product|design|engineering|ai|data|business,startup|scaleup|growth,88,Jobs across Speedinvest portfolio companies,,,
general-catalyst,General Catalyst Jobs,Startup / VC,generalcatalyst.com/jobs,,VC-backed,,,,,Global,mixed,product|design|engineering|ai|data|business,startup|scaleup|growth,85,Jobs across General Catalyst portfolio companies,,,
we-work-remotely,We Work Remotely,Job boards,weworkremotely.com,,Remote,,,,,Global,remote,all,all,100,Remote-first jobs,,,
remote-ok,Remote OK,Job boards,remoteok.com,,Remote,,,,,Global,remote,all,all,95,Remote tech and startup jobs,,,
himalayas,Himalayas,Job boards,himalayas.app/jobs,,Remote,,,,,Global,remote,all,all,96,Remote jobs with country and timezone context,,,
remotive,Remotive,Job boards,remotive.com,,Remote,,,,,Global,remote,all,all,92,Remote-focused jobs and community,,,
remote-co,Remote.co,Job boards,remote.co/remote-jobs,,Remote,,,,,Global,remote,all,all,82,Remote and distributed-work jobs,,,
working-nomads,Working Nomads,Job boards,workingnomads.com/jobs,,Remote,,,,,Global,remote,all,all,82,Remote jobs with regional filtering,,,
nodesk,NoDesk,Job boards,nodesk.co/remote-jobs,,Remote,,,,,Global,remote,all,all,80,Curated remote jobs,,,
dynamite-jobs,Dynamite Jobs,Job boards,dynamitejobs.com,,Remote,,,,,Global,remote,all,all,82,"Remote-first jobs, especially startups",,,
jobspresso,Jobspresso,Job boards,jobspresso.co,,Remote,,,,,Global,remote,all,all,78,Curated remote jobs,,,
flexjobs-remote,FlexJobs Remote,Job boards,flexjobs.com/remote-jobs,,Remote,,,,,Global,remote,all,all,75,Screened remote and flexible jobs,,,
hn-who-is-hiring,Hacker News — Who Is Hiring,Communities,news.ycombinator.com/submitted?id=whoishiring,,Community,,,,,Global,mixed,engineering|product|design|ai|founding,startup|scaleup,90,Monthly founder and startup hiring thread,,,
reddit-forhire,Reddit — r/forhire,Communities,reddit.com/r/forhire,,Community,,,,,Global,remote|hybrid|onsite,all,all,60,Community-driven hiring marketplace,,,
reddit-remotejobs,Reddit — r/remotejobs,Communities,reddit.com/r/remotejobs,,Community,,,,,Global,remote,all,all,62,Community-driven remote hiring,,,
dribbble-jobs,Dribbble Jobs,Specialist,dribbble.com/jobs,,Niche,,,,,Global,mixed,design,all,88,Specialist job source,,,
ux-jobs-board,UX Jobs Board,Specialist,uxjobsboard.com,,Niche,,,,,Global,mixed,design|ux,all,86,Specialist job source,,,
coroflot,Coroflot,Specialist,coroflot.com/jobs,,Niche,,,,,Global,mixed,design|ux,all,75,Specialist job source,,,
ai-jobs,AI Jobs,Specialist,ai-jobs.net,,Niche,,,,,Global,mixed,ai|engineering|data|research,all,88,Specialist job source,,,
product-school,Product School Jobs,Specialist,productschool.com/jobs,,Niche,,,,,Global,mixed,product|product-management,all,75,Specialist job source,,,
climatebase,Climatebase,Specialist,climatebase.org/jobs,,Niche,,,,,Global,mixed,climate|product|design|engineering|data,all,82,Specialist job source,,,
techladies,Tech Ladies,Specialist,hiretechladies.com,,Niche,,,,,North America,mixed,design|engineering|product|marketing,all,68,Specialist job source,,,
ventureloop,VentureLoop,Specialist,ventureloop.com,,Niche,,,,,Global,mixed,startup|product|engineering|sales|business,all,76,Specialist job source,,,
eurobrussels,EuroBrussels,Specialist,eurobrussels.com,,Niche,,,,,Europe,mixed,policy|consulting|operations|communications,all,72,Specialist job source,,,
justjoinit,Just Join IT,Country,justjoin.it,,Country,,Poland,poland,poland:2,Europe,remote|hybrid|onsite,engineering|ai|data|product|design|analytics,all,98,Poland-specific job source,specialist,Tech / product / design / data,https://justjoin.it/
nofluffjobs,No Fluff Jobs,Country,nofluffjobs.com,,Country,,Poland,poland,poland:3,Europe,remote|hybrid|onsite,engineering|ai|data|product|design|business,all,98,Poland-specific job source,specialist,Tech / product / data / transparent pay,https://nofluffjobs.com/
rocketjobs,RocketJobs,Country,rocketjobs.pl,,Country,,Poland,poland,poland:4,Europe,remote|hybrid|onsite,product|design|marketing|sales|finance|it|consulting,all,92,Poland-specific job source,job_board,Modern professional / business / tech,https://rocketjobs.pl/
bulldogjob,Bulldogjob,Country,bulldogjob.pl,,Country,,Poland,poland,,Europe,remote|hybrid|onsite,engineering|ai|data|product|design,all,82,Poland-specific job source,,,
pracuj,Pracuj.pl,Country,pracuj.pl,,Country,,Poland,poland,poland:1,Europe,mixed,all,all,82,Poland-specific job source,job_board,Generalist / Polish market,https://www.pracuj.pl/
theprotocol,theprotocol.it,Country,theprotocol.it,,Country,,Poland,poland,poland:5,Europe,remote|hybrid|onsite,engineering|product|design|data|ai,all,86,Poland-specific job source,specialist,IT / product / tech,https://theprotocol.it/
stepstone-de,StepStone Germany,Country,stepstone.de,,Country,,Germany,germany,germany:1,Europe,mixed,all,all,84,Germany-specific job source,job_board,Generalist / professional,https://www.stepstone.de/
arbeitsagentur,Bundesagentur für Arbeit,Country,arbeitsagentur.de/jobsuche,,Country,,Germany,germany,germany:3,Europe,mixed,all,all,80,Germany-specific job source,public_portal,Government / national,https://www.arbeitsagentur.de/jobsuche/
berlinstartupjobs,BerlinStartupJobs,Country,berlinstartupjobs.com,,Country,,Germany,germany,,Europe,mixed,startup|product|design|engineering|marketing,all,86,Germany-specific job source,,,
honeypot,Honeypot,Country,honeypot.io,,Country,,Germany,germany,,Europe,mixed,engineering|data|product,all,82,Germany-specific job source,,,
magnetme,Magnet.me,Country,magnet.me,,Country,,Netherlands,netherlands,,Europe,mixed,product|design|engineering|business|graduate,all,82,Netherlands-specific job source,,,
iamexpat,IAmExpat Jobs,Country,iamexpat.nl/career,,Country,,Netherlands,netherlands,,Europe,mixed,all,all,76,Netherlands-specific job source,,,
undutchables,Undutchables,Country,undutchables.nl,,Country,,Netherlands,netherlands,,Europe,mixed,business|operations|sales|marketing|finance,all,70,Netherlands-specific job source,,,
workinstartups,Work in Startups,Country,workinstartups.com,,Country,,UK,united-kingdom,,Europe,mixed,startup|product|design|engineering|business,all,88,UK-specific job source,,,
cwjobs,CWJobs,Country,cwjobs.co.uk,,Country,,UK,united-kingdom,,Europe,mixed,engineering|it|data|product,all,78,UK-specific job source,,,
reed,Reed,Country,reed.co.uk,,Country,,UK;United Kingdom,united-kingdom,united-kingdom:3,Europe,mixed,all,all,72,UK-specific job source,job_board,UK professional jobs,https://www.reed.co.uk/jobs
totaljobs,Totaljobs,Country,totaljobs.com,,Country,,UK;United Kingdom,united-kingdom,united-kingdom:4,Europe,mixed,all,all,70,UK-specific job source,job_board,Generalist / professional,https://www.totaljobs.com/
apec,APEC,Country,apec.fr,,Country,,France,france,france:3,Europe,mixed,product|design|engineering|business|consulting,all,82,France-specific job source,specialist,Professional / cadres,https://www.apec.fr/
francetravail,France Travail,Country,francetravail.fr,,Country,,France,france,france:1,Europe,mixed,all,all,76,France-specific job source,public_portal,Government / national,https://www.francetravail.fr/
welcometothejungle-fr,Welcome to the Jungle France,Country,welcometothejungle.com/fr,,Country,,France,france,,Europe,mixed,startup|product|design|engineering|business,all,88,France-specific job source,,,
infojobs,InfoJobs Spain,Country,infojobs.net,,Country,,Spain,spain,spain:1,Europe,mixed,all,all,75,Spain-specific job source,job_board,Generalist / Spanish market,https://www.infojobs.net/
tecnoempleo,Tecnoempleo,Country,tecnoempleo.com,,Country,,Spain,spain,spain:5,Europe,mixed,engineering|it|data,all,76,Spain-specific job source,specialist,IT / tech / engineering,https://www.tecnoempleo.com/
arbetsformedlingen,Arbetsförmedlingen,Country,arbetsformedlingen.se,,Country,,Sweden,sweden,sweden:1,Europe,mixed,all,all,76,Sweden-specific job source,public_portal,Government / national,https://arbetsformedlingen.se/
thehub-se,The Hub Sweden,Country,thehub.io,,Country,,Sweden,sweden,,Europe,mixed,startup|product|design|engineering|business,all,84,Sweden-specific job source,,,
jobindex,Jobindex,Country,jobindex.dk,,Country,,Denmark,denmark,denmark:1,Europe,mixed,all,all,78,Denmark-specific job source,job_board,Generalist / Danish market,https://www.jobindex.dk/
thehub-dk,The Hub Denmark,Country,thehub.io,,Country,,Denmark,denmark,,Europe,mixed,startup|product|design|engineering|business,all,84,Denmark-specific job source,,,
jobup,Jobup.ch,Country,jobup.ch,,Country,,Switzerland,switzerland,switzerland:2,Europe,mixed,all,all,76,Switzerland-specific job source,job_board,Romandy / French-speaking Switzerland,https://www.jobup.ch/
jobs-ch,jobs.ch,Country,jobs.ch,,Country,,Switzerland,switzerland,switzerland:1,Europe,mixed,all,all,78,Switzerland-specific job source,job_board,Generalist / Swiss market,https://www.jobs.ch/
irishjobs,IrishJobs,Country,irishjobs.ie,,Country,,Ireland,ireland,ireland:1,Europe,mixed,all,all,76,Ireland-specific job source,job_board,Generalist / Irish market,https://www.irishjobs.ie/
jobs-ie,Jobs.ie,Country,jobs.ie,,Country,,Ireland,ireland,ireland:2,Europe,mixed,all,all,72,Ireland-specific job source,job_board,Generalist / Irish market,https://www.jobs.ie/
net-empregos,Net-Empregos,Country,net-empregos.com,,Country,,Portugal,portugal,portugal:1,Europe,mixed,all,all,72,Portugal-specific job source,job_board,Generalist / Portuguese market,https://www.net-empregos.com/
landingjobs,Landing.jobs,Country,landing.jobs,,Country,,Portugal,portugal,portugal:5,Europe,remote|hybrid|onsite,engineering|product|design|data,all,82,Portugal-specific job source,specialist,Tech / engineering / product,https://landing.jobs/
jobs-cz,Jobs.cz,Country,jobs.cz,,Country,,Czechia,czechia,czechia:1,Europe,mixed,all,all,76,Czechia-specific job source,job_board,Generalist / Czech market,https://www.jobs.cz/
startupjobs-cz,StartupJobs.cz,Country,startupjobs.cz,,Country,,Czechia,czechia,czechia:3,Europe,mixed,startup|product|design|engineering|business,all,82,Czechia-specific job source,specialist,Startups / tech / product,https://www.startupjobs.cz/
canada-indeed-canada,Indeed Canada,Country,ca.indeed.com,,Country,,Canada,canada,canada:1,Americas,unknown,Generalist / high volume,,100,Generalist / high volume,job_board,Generalist / high volume,https://ca.indeed.com/
canada-job-bank,Job Bank,Country,jobbank.gc.ca,,Country,,Canada,canada,canada:3,Americas,unknown,Government / national,,84,Government / national,public_portal,Government / national,https://www.jobbank.gc.ca/
canada-workopolis,Workopolis,Country,workopolis.com,,Country,,Canada,canada,canada:4,Americas,unknown,Canadian professional jobs,,76,Canadian professional jobs,job_board,Canadian professional jobs,https://www.workopolis.com/
canada-eluta,Eluta,Country,eluta.ca,,Country,,Canada,canada,canada:5,Americas,unknown,Canadian employers / direct jobs,,68,Canadian employers / direct jobs,job_board,Canadian employers / direct jobs,https://www.eluta.ca/
mexico-occmundial,OCCMundial,Country,occ.com.mx,,Country,,Mexico,mexico,mexico:1,Americas,unknown,Generalist / professional,,100,Generalist / professional,job_board,Generalist / professional,https://www.occ.com.mx/
mexico-indeed-mexico,Indeed Mexico,Country,mx.indeed.com,,Country,,Mexico,mexico,mexico:3,Americas,unknown,Generalist / high volume,,84,Generalist / high volume,job_board,Generalist / high volume,https://mx.indeed.com/
mexico-computrabajo-mexico,Computrabajo Mexico,Country,mx.computrabajo.com,,Country,,Mexico,mexico,mexico:4,Americas,unknown,Generalist / operational / professional,,76,Generalist / operational / professional,job_board,Generalist / operational / professional,https://mx.computrabajo.com/
mexico-bumeran-mexico,Bumeran Mexico,Country,bumeran.com.mx,,Country,,Mexico,mexico,mexico:5,Americas,unknown,Professional / corporate,,68,Professional / corporate,job_board,Professional / corporate,https://www.bumeran.com.mx/
brazil-gupy,Gupy,Country,gupy.io,,Country,,Brazil,brazil,brazil:1,Americas,unknown,Brazilian employers / ATS marketplace,,100,Brazilian employers / ATS marketplace,job_board,Brazilian employers / ATS marketplace,https://www.gupy.io/
brazil-vagas-com-br,Vagas.com.br,Country,vagas.com.br,,Country,,Brazil,brazil,brazil:2,Americas,unknown,Generalist / professional,,92,Generalist / professional,job_board,Generalist / professional,https://www.vagas.com.br/
brazil-infojobs-brasil,InfoJobs Brasil,Country,br.infojobs.com,,Country,,Brazil,brazil,brazil:3,Americas,unknown,Generalist / professional,,84,Generalist / professional,job_board,Generalist / professional,https://br.infojobs.com/
brazil-catho,Catho,Country,catho.com.br,,Country,,Brazil,brazil,brazil:4,Americas,unknown,Generalist / professional,,76,Generalist / professional,job_board,Generalist / professional,https://www.catho.com.br/
argentina-computrabajo-argentina,Computrabajo Argentina,Country,ar.computrabajo.com,,Country,,Argentina,argentina,argentina:1,Americas,unknown,Generalist / high volume,,100,Generalist / high volume,job_board,Generalist / high volume,https://ar.computrabajo.com/
argentina-zonajobs,ZonaJobs,Country,zonajobs.com.ar,,Country,,Argentina,argentina,argentina:2,Americas,unknown,Professional / corporate,,92,Professional / corporate,job_board,Professional / corporate,https://www.zonajobs.com.ar/
argentina-bumeran-argentina,Bumeran Argentina,Country,bumeran.com.ar,,Country,,Argentina,argentina,argentina:3,Americas,unknown,Professional / corporate,,84,Professional / corporate,job_board,Professional / corporate,https://www.bumeran.com.ar/
argentina-indeed-argentina,Indeed Argentina,Country,ar.indeed.com,,Country,,Argentina,argentina,argentina:5,Americas,unknown,Generalist / aggregator,,68,Generalist / aggregator,job_board,Generalist / aggregator,https://ar.indeed.com/
colombia-el-empleo,El Empleo,Country,elempleo.com,,Country,,Colombia,colombia,colombia:1,Americas,unknown,Generalist / Colombian market,,100,Generalist / Colombian market,job_board,Generalist / Colombian market,https://www.elempleo.com/
colombia-computrabajo-colombia,Computrabajo Colombia,Country,co.computrabajo.com,,Country,,Colombia,colombia,colombia:2,Americas,unknown,Generalist / high volume,,92,Generalist / high volume,job_board,Generalist / high volume,https://co.computrabajo.com/
colombia-magneto,Magneto,Country,magneto365.com,,Country,,Colombia,colombia,colombia:3,Americas,unknown,Professional / employer brands,,84,Professional / employer brands,job_board,Professional / employer brands,https://www.magneto365.com/
colombia-indeed-colombia,Indeed Colombia,Country,co.indeed.com,,Country,,Colombia,colombia,colombia:5,Americas,unknown,Generalist / aggregator,,68,Generalist / aggregator,job_board,Generalist / aggregator,https://co.indeed.com/
chile-laborum,Laborum,Country,laborum.cl,,Country,,Chile,chile,chile:1,Americas,unknown,Generalist / Chile,,100,Generalist / Chile,job_board,Generalist / Chile,https://www.laborum.cl/
chile-computrabajo-chile,Computrabajo Chile,Country,cl.computrabajo.com,,Country,,Chile,chile,chile:2,Americas,unknown,Generalist / high volume,,92,Generalist / high volume,job_board,Generalist / high volume,https://cl.computrabajo.com/
chile-chiletrabajos,Chiletrabajos,Country,chiletrabajos.cl,,Country,,Chile,chile,chile:3,Americas,unknown,Generalist / regional,,84,Generalist / regional,job_board,Generalist / regional,https://www.chiletrabajos.cl/
chile-trabajando-cl,Trabajando.cl,Country,trabajando.cl,,Country,,Chile,chile,chile:4,Americas,unknown,Professional / first jobs,,76,Professional / first jobs,job_board,Professional / first jobs,https://www.trabajando.cl/
chile-bolsa-nacional-de-empleo,Bolsa Nacional de Empleo,Country,bne.cl,,Country,,Chile,chile,chile:5,Americas,unknown,Government / national,,68,Government / national,public_portal,Government / national,https://www.bne.cl/
united-kingdom-indeed-uk,Indeed UK,Country,uk.indeed.com,,Country,,United Kingdom,united-kingdom,united-kingdom:1,Europe,unknown,Generalist / high volume,,100,Generalist / high volume,job_board,Generalist / high volume,https://uk.indeed.com/
united-kingdom-cv-library,CV-Library,Country,cv-library.co.uk,,Country,,United Kingdom,united-kingdom,united-kingdom:5,Europe,unknown,UK professional / specialist,,68,UK professional / specialist,job_board,UK professional / specialist,https://www.cv-library.co.uk/
germany-indeed-germany,Indeed Germany,Country,de.indeed.com,,Country,,Germany,germany,germany:2,Europe,unknown,Generalist / high volume,,92,Generalist / high volume,job_board,Generalist / high volume,https://de.indeed.com/
germany-xing-jobs,XING Jobs,Country,xing.com,,Country,,Germany,germany,germany:5,Europe,unknown,German-speaking professional market,,68,German-speaking professional market,professional,German-speaking professional market,https://www.xing.com/jobs
france-indeed-france,Indeed France,Country,fr.indeed.com,,Country,,France,france,france:2,Europe,unknown,Generalist / high volume,,92,Generalist / high volume,job_board,Generalist / high volume,https://fr.indeed.com/
france-hellowork,Hellowork,Country,hellowork.com,,Country,,France,france,france:5,Europe,unknown,Generalist / regional,,68,Generalist / regional,job_board,Generalist / regional,https://www.hellowork.com/
netherlands-indeed-netherlands,Indeed Netherlands,Country,nl.indeed.com,,Country,,Netherlands,netherlands,netherlands:1,Europe,unknown,Generalist / high volume,,100,Generalist / high volume,job_board,Generalist / high volume,https://nl.indeed.com/
netherlands-nationale-vacaturebank,Nationale Vacaturebank,Country,nationalevacaturebank.nl,,Country,,Netherlands,netherlands,netherlands:3,Europe,unknown,Dutch generalist market,,84,Dutch generalist market,job_board,Dutch generalist market,https://www.nationalevacaturebank.nl/
netherlands-intermediair,Intermediair,Country,intermediair.nl,,Country,,Netherlands,netherlands,netherlands:4,Europe,unknown,Professional / higher education,,76,Professional / higher education,job_board,Professional / higher education,https://www.intermediair.nl/
netherlands-werk-nl,Werk.nl,Country,werk.nl,,Country,,Netherlands,netherlands,netherlands:5,Europe,unknown,Government / UWV,,68,Government / UWV,public_portal,Government / UWV,https://www.werk.nl/
spain-indeed-spain,Indeed Spain,Country,es.indeed.com,,Country,,Spain,spain,spain:2,Europe,unknown,Generalist / aggregator,,92,Generalist / aggregator,job_board,Generalist / aggregator,https://es.indeed.com/
spain-infoempleo,Infoempleo,Country,infoempleo.com,,Country,,Spain,spain,spain:4,Europe,unknown,Generalist / professional,,76,Generalist / professional,job_board,Generalist / professional,https://www.infoempleo.com/
sweden-indeed-sweden,Indeed Sweden,Country,se.indeed.com,,Country,,Sweden,sweden,sweden:3,Europe,unknown,Generalist / high volume,,84,Generalist / high volume,job_board,Generalist / high volume,https://se.indeed.com/
sweden-jobbsafari,Jobbsafari,Country,jobbsafari.se,,Country,,Sweden,sweden,sweden:4,Europe,unknown,Generalist / Swedish market,,76,Generalist / Swedish market,job_board,Generalist / Swedish market,https://www.jobbsafari.se/
sweden-academic-work,Academic Work,Country,academicwork.se,,Country,,Sweden,sweden,sweden:5,Europe,unknown,Graduate / early career / professional,,68,Graduate / early career / professional,specialist,Graduate / early career / professional,https://www.academicwork.se/
ireland-indeed-ireland,Indeed Ireland,Country,ie.indeed.com,,Country,,Ireland,ireland,ireland:3,Europe,unknown,Generalist / aggregator,,84,Generalist / aggregator,job_board,Generalist / aggregator,https://ie.indeed.com/
ireland-publicjobs-ie,publicjobs.ie,Country,publicjobs.ie,,Country,,Ireland,ireland,ireland:5,Europe,unknown,Government / public sector,,68,Government / public sector,public_portal,Government / public sector,https://www.publicjobs.ie/
italy-indeed-italy,Indeed Italy,Country,it.indeed.com,,Country,,Italy,italy,italy:1,Europe,unknown,Generalist / high volume,,100,Generalist / high volume,job_board,Generalist / high volume,https://it.indeed.com/
italy-infojobs-italy,InfoJobs Italy,Country,infojobs.it,,Country,,Italy,italy,italy:3,Europe,unknown,Generalist / professional,,84,Generalist / professional,job_board,Generalist / professional,https://www.infojobs.it/
italy-subito-lavoro,Subito Lavoro,Country,subito.it,,Country,,Italy,italy,italy:4,Europe,unknown,Generalist / local market,,76,Generalist / local market,job_board,Generalist / local market,https://www.subito.it/annunci-italia/vendita/offerte-lavoro/
italy-lavoroturismo,LavoroTurismo,Country,lavoroturismo.it,,Country,,Italy,italy,italy:5,Europe,unknown,Hospitality / tourism,,68,Hospitality / tourism,specialist,Hospitality / tourism,https://www.lavoroturismo.it/
switzerland-indeed-switzerland,Indeed Switzerland,Country,ch.indeed.com,,Country,,Switzerland,switzerland,switzerland:3,Europe,unknown,Generalist / international,,84,Generalist / international,job_board,Generalist / international,https://ch.indeed.com/
switzerland-jobscout24,JobScout24,Country,jobscout24.ch,,Country,,Switzerland,switzerland,switzerland:5,Europe,unknown,Generalist / Swiss market,,68,Generalist / Swiss market,job_board,Generalist / Swiss market,https://www.jobscout24.ch/
denmark-jobnet,Jobnet,Country,jobnet.dk,,Country,,Denmark,denmark,denmark:2,Europe,unknown,Government / national,,92,Government / national,public_portal,Government / national,https://jobnet.dk/
denmark-ofir,Ofir,Country,ofir.dk,,Country,,Denmark,denmark,denmark:3,Europe,unknown,Generalist / professional,,84,Generalist / professional,job_board,Generalist / professional,https://www.ofir.dk/
denmark-indeed-denmark,Indeed Denmark,Country,dk.indeed.com,,Country,,Denmark,denmark,denmark:4,Europe,unknown,Generalist / international,,76,Generalist / international,job_board,Generalist / international,https://dk.indeed.com/
norway-finn-jobb,FINN Jobb,Country,finn.no,,Country,,Norway,norway,norway:1,Europe,unknown,Generalist / Norwegian market,,100,Generalist / Norwegian market,job_board,Generalist / Norwegian market,https://www.finn.no/job/browse
norway-nav,NAV,Country,nav.no,,Country,,Norway,norway,norway:2,Europe,unknown,Government / national,,92,Government / national,public_portal,Government / national,https://arbeidsplassen.nav.no/
norway-indeed-norway,Indeed Norway,Country,no.indeed.com,,Country,,Norway,norway,norway:4,Europe,unknown,Generalist / international,,76,Generalist / international,job_board,Generalist / international,https://no.indeed.com/
norway-jobbnorge,Jobbnorge,Country,jobbnorge.no,,Country,,Norway,norway,norway:5,Europe,unknown,Professional / public / academic,,68,Professional / public / academic,job_board,Professional / public / academic,https://www.jobbnorge.no/
portugal-indeed-portugal,Indeed Portugal,Country,pt.indeed.com,,Country,,Portugal,portugal,portugal:2,Europe,unknown,Generalist / aggregator,,92,Generalist / aggregator,job_board,Generalist / aggregator,https://pt.indeed.com/
portugal-expresso-emprego,Expresso Emprego,Country,expressoemprego.pt,,Country,,Portugal,portugal,portugal:4,Europe,unknown,Professional / Portuguese market,,76,Professional / Portuguese market,job_board,Professional / Portuguese market,https://expressoemprego.pt/
austria-stepstone-austria,StepStone Austria,Country,stepstone.at,,Country,,Austria,austria,austria:1,Europe,unknown,Generalist / professional,,100,Generalist / professional,job_board,Generalist / professional,https://www.stepstone.at/
austria-karriere-at,karriere.at,Country,karriere.at,,Country,,Austria,austria,austria:2,Europe,unknown,Generalist / Austrian market,,92,Generalist / Austrian market,job_board,Generalist / Austrian market,https://www.karriere.at/
austria-ams,AMS,Country,ams.at,,Country,,Austria,austria,austria:3,Europe,unknown,Government / national,,84,Government / national,public_portal,Government / national,https://www.ams.at/arbeitsuchende
austria-devjobs-at,DevJobs.at,Country,devjobs.at,,Country,,Austria,austria,austria:5,Europe,unknown,Software / tech,,68,Software / tech,specialist,Software / tech,https://devjobs.at/
belgium-vdab,VDAB,Country,vdab.be,,Country,,Belgium,belgium,belgium:1,Europe,unknown,Flanders / government,,100,Flanders / government,public_portal,Flanders / government,https://www.vdab.be/
belgium-le-forem,Le Forem,Country,leforem.be,,Country,,Belgium,belgium,belgium:2,Europe,unknown,Wallonia / government,,92,Wallonia / government,public_portal,Wallonia / government,https://www.leforem.be/
belgium-actiris,Actiris,Country,actiris.brussels,,Country,,Belgium,belgium,belgium:3,Europe,unknown,Brussels / government,,84,Brussels / government,public_portal,Brussels / government,https://www.actiris.brussels/
belgium-indeed-belgium,Indeed Belgium,Country,be.indeed.com,,Country,,Belgium,belgium,belgium:4,Europe,unknown,Generalist / high volume,,76,Generalist / high volume,job_board,Generalist / high volume,https://be.indeed.com/
czechia-prace-cz,Prace.cz,Country,prace.cz,,Country,,Czechia,czechia,czechia:2,Europe,unknown,Generalist / Czech market,,92,Generalist / Czech market,job_board,Generalist / Czech market,https://www.prace.cz/
czechia-indeed-czechia,Indeed Czechia,Country,cz.indeed.com,,Country,,Czechia,czechia,czechia:5,Europe,unknown,Generalist / international,,68,Generalist / international,job_board,Generalist / international,https://cz.indeed.com/
india-naukri,Naukri,Country,naukri.com,,Country,,India,india,india:1,Asia-Pacific,unknown,Generalist / professional / high volume,,100,Generalist / professional / high volume,job_board,Generalist / professional / high volume,https://www.naukri.com/
india-indeed-india,Indeed India,Country,in.indeed.com,,Country,,India,india,india:3,Asia-Pacific,unknown,Generalist / aggregator,,84,Generalist / aggregator,job_board,Generalist / aggregator,https://in.indeed.com/
india-foundit,Foundit,Country,foundit.in,,Country,,India,india,india:4,Asia-Pacific,unknown,Professional / tech,,76,Professional / tech,job_board,Professional / tech,https://www.foundit.in/
india-instahyre,Instahyre,Country,instahyre.com,,Country,,India,india,india:5,Asia-Pacific,unknown,Tech / startup / product,,68,Tech / startup / product,specialist,Tech / startup / product,https://www.instahyre.com/
singapore-mycareersfuture,MyCareersFuture,Country,mycareersfuture.gov.sg,,Country,,Singapore,singapore,singapore:1,Asia-Pacific,unknown,Government / professional,,100,Government / professional,public_portal,Government / professional,https://www.mycareersfuture.gov.sg/
singapore-jobstreet-singapore,JobStreet Singapore,Country,sg.jobstreet.com,,Country,,Singapore,singapore,singapore:2,Asia-Pacific,unknown,Generalist / professional,,92,Generalist / professional,job_board,Generalist / professional,https://sg.jobstreet.com/
singapore-indeed-singapore,Indeed Singapore,Country,sg.indeed.com,,Country,,Singapore,singapore,singapore:4,Asia-Pacific,unknown,Generalist / high volume,,76,Generalist / high volume,job_board,Generalist / high volume,https://sg.indeed.com/
singapore-nodeflair,NodeFlair,Country,nodeflair.com,,Country,,Singapore,singapore,singapore:5,Asia-Pacific,unknown,Tech / product / engineering,,68,Tech / product / engineering,specialist,Tech / product / engineering,https://nodeflair.com/jobs
japan-doda,doda,Country,doda.jp,,Country,,Japan,japan,japan:1,Asia-Pacific,unknown,Generalist / professional,,100,Generalist / professional,job_board,Generalist / professional,https://doda.jp/
japan-indeed-japan,Indeed Japan,Country,jp.indeed.com,,Country,,Japan,japan,japan:2,Asia-Pacific,unknown,Generalist / high volume,,92,Generalist / high volume,job_board,Generalist / high volume,https://jp.indeed.com/
japan-baitoru,Baitoru,Country,baitoru.com,,Country,,Japan,japan,japan:3,Asia-Pacific,unknown,Generalist / volume / part-time,,84,Generalist / volume / part-time,job_board,Generalist / volume / part-time,https://www.baitoru.com/
japan-careercross,CareerCross,Country,careercross.com,,Country,,Japan,japan,japan:4,Asia-Pacific,unknown,English-speaking / bilingual / international,,76,English-speaking / bilingual / international,specialist,English-speaking / bilingual / international,https://www.careercross.com/
japan-daijob,Daijob,Country,daijob.com,,Country,,Japan,japan,japan:5,Asia-Pacific,unknown,Bilingual / international careers,,68,Bilingual / international careers,specialist,Bilingual / international careers,https://www.daijob.com/
south-korea-saramin,Saramin,Country,saramin.co.kr,,Country,,South Korea,south-korea,south-korea:1,Asia-Pacific,unknown,Generalist / Korean market,,100,Generalist / Korean market,job_board,Generalist / Korean market,https://www.saramin.co.kr/
south-korea-jobkorea,JobKorea,Country,jobkorea.co.kr,,Country,,South Korea,south-korea,south-korea:2,Asia-Pacific,unknown,Generalist / Korean market,,92,Generalist / Korean market,job_board,Generalist / Korean market,https://www.jobkorea.co.kr/
south-korea-wanted,Wanted,Country,wanted.co.kr,,Country,,South Korea,south-korea,south-korea:3,Asia-Pacific,unknown,Tech / startup / product,,84,Tech / startup / product,specialist,Tech / startup / product,https://www.wanted.co.kr/
south-korea-work24,Work24,Country,work24.go.kr,,Country,,South Korea,south-korea,south-korea:5,Asia-Pacific,unknown,Government / national,,68,Government / national,public_portal,Government / national,https://www.work24.go.kr/
china-boss-zhipin,BOSS Zhipin,Country,zhipin.com,,Country,,China,china,china:1,Asia-Pacific,unknown,Generalist / direct chat hiring,,100,Generalist / direct chat hiring,job_board,Generalist / direct chat hiring,https://www.zhipin.com/
china-51job,51job,Country,51job.com,,Country,,China,china,china:2,Asia-Pacific,unknown,Generalist / professional,,92,Generalist / professional,job_board,Generalist / professional,https://www.51job.com/
china-zhaopin,Zhaopin,Country,zhaopin.com,,Country,,China,china,china:3,Asia-Pacific,unknown,Generalist / professional,,84,Generalist / professional,job_board,Generalist / professional,https://www.zhaopin.com/
china-liepin,Liepin,Country,liepin.com,,Country,,China,china,china:4,Asia-Pacific,unknown,Mid-senior / professional,,76,Mid-senior / professional,specialist,Mid-senior / professional,https://www.liepin.com/
china-maimai,Maimai,Country,maimai.cn,,Country,,China,china,china:5,Asia-Pacific,unknown,Professional network / sourcing,,68,Professional network / sourcing,professional,Professional network / sourcing,https://maimai.cn/
hong-kong-jobsdb-hong-kong,JobsDB Hong Kong,Country,hk.jobsdb.com,,Country,,Hong Kong,hong-kong,hong-kong:1,Asia-Pacific,unknown,Generalist / professional,,100,Generalist / professional,job_board,Generalist / professional,https://hk.jobsdb.com/
hong-kong-ctgoodjobs,CTgoodjobs,Country,ctgoodjobs.hk,,Country,,Hong Kong,hong-kong,hong-kong:2,Asia-Pacific,unknown,Generalist / professional,,92,Generalist / professional,job_board,Generalist / professional,https://www.ctgoodjobs.hk/
hong-kong-jobs-gov-hk,Jobs.gov.hk,Country,jobs.gov.hk,,Country,,Hong Kong,hong-kong,hong-kong:3,Asia-Pacific,unknown,Government / public sector,,84,Government / public sector,public_portal,Government / public sector,https://www.jobs.gov.hk/
hong-kong-efinancialcareers-hong-kong,eFinancialCareers Hong Kong,Country,efinancialcareers.hk,,Country,,Hong Kong,hong-kong,hong-kong:4,Asia-Pacific,unknown,Finance / banking,,76,Finance / banking,specialist,Finance / banking,https://www.efinancialcareers.hk/
taiwan-104-job-bank,104 Job Bank,Country,104.com.tw,,Country,,Taiwan,taiwan,taiwan:1,Asia-Pacific,unknown,Generalist / Taiwanese market,,100,Generalist / Taiwanese market,job_board,Generalist / Taiwanese market,https://www.104.com.tw/
taiwan-1111-job-bank,1111 Job Bank,Country,1111.com.tw,,Country,,Taiwan,taiwan,taiwan:2,Asia-Pacific,unknown,Generalist / Taiwanese market,,92,Generalist / Taiwanese market,job_board,Generalist / Taiwanese market,https://www.1111.com.tw/
taiwan-cake,Cake,Country,cake.me,,Country,,Taiwan,taiwan,taiwan:3,Asia-Pacific,unknown,Tech / startup / international,,84,Tech / startup / international,specialist,Tech / startup / international,https://www.cake.me/
taiwan-yourator,Yourator,Country,yourator.co,,Country,,Taiwan,taiwan,taiwan:4,Asia-Pacific,unknown,Startups / tech / product,,76,Startups / tech / product,specialist,Startups / tech / product,https://www.yourator.co/
indonesia-jobstreet-indonesia,JobStreet Indonesia,Country,id.jobstreet.com,,Country,,Indonesia,indonesia,indonesia:1,Asia-Pacific,unknown,Generalist / professional,,100,Generalist / professional,job_board,Generalist / professional,https://id.jobstreet.com/
indonesia-glints,Glints,Country,glints.com,,Country,,Indonesia;Vietnam,indonesia;vietnam,indonesia:2;vietnam:4,Asia-Pacific,unknown,Tech / startup / early career,,92,Tech / startup / early career,specialist,Tech / startup / early career,https://glints.com/id/en
indonesia-kalibrr,Kalibrr,Country,kalibrr.com,,Country,,Indonesia;Philippines,indonesia;philippines,indonesia:3;philippines:2,Asia-Pacific,unknown,Professional / tech,,84,Professional / tech,job_board,Professional / tech,https://www.kalibrr.com/
indonesia-dealls,Dealls,Country,dealls.com,,Country,,Indonesia,indonesia,indonesia:4,Asia-Pacific,unknown,Tech / startup / professional,,76,Tech / startup / professional,specialist,Tech / startup / professional,https://dealls.com/
malaysia-jobstreet-malaysia,JobStreet Malaysia,Country,my.jobstreet.com,,Country,,Malaysia,malaysia,malaysia:1,Asia-Pacific,unknown,Generalist / professional,,100,Generalist / professional,job_board,Generalist / professional,https://my.jobstreet.com/
malaysia-hiredly,Hiredly,Country,hiredly.com,,Country,,Malaysia,malaysia,malaysia:2,Asia-Pacific,unknown,Professional / startup / early career,,92,Professional / startup / early career,job_board,Professional / startup / early career,https://hiredly.com/
malaysia-maukerja,Maukerja,Country,maukerja.my,,Country,,Malaysia,malaysia,malaysia:3,Asia-Pacific,unknown,Mass / local hiring,,84,Mass / local hiring,job_board,Mass / local hiring,https://www.maukerja.my/
malaysia-myfuturejobs,MYFutureJobs,Country,myfuturejobs.gov.my,,Country,,Malaysia,malaysia,malaysia:4,Asia-Pacific,unknown,Government / national,,76,Government / national,public_portal,Government / national,https://www.myfuturejobs.gov.my/
thailand-jobsdb-thailand,JobsDB Thailand,Country,th.jobsdb.com,,Country,,Thailand,thailand,thailand:1,Asia-Pacific,unknown,Generalist / professional,,100,Generalist / professional,job_board,Generalist / professional,https://th.jobsdb.com/
thailand-jobthai,JobThai,Country,jobthai.com,,Country,,Thailand,thailand,thailand:2,Asia-Pacific,unknown,Generalist / Thai market,,92,Generalist / Thai market,job_board,Generalist / Thai market,https://www.jobthai.com/
thailand-jobtopgun,JobTopGun,Country,jobtopgun.com,,Country,,Thailand,thailand,thailand:3,Asia-Pacific,unknown,Professional / Thai market,,84,Professional / Thai market,job_board,Professional / Thai market,https://www.jobtopgun.com/
thailand-indeed-thailand,Indeed Thailand,Country,th.indeed.com,,Country,,Thailand,thailand,thailand:5,Asia-Pacific,unknown,Generalist / international,,68,Generalist / international,job_board,Generalist / international,https://th.indeed.com/
vietnam-topcv,TopCV,Country,topcv.vn,,Country,,Vietnam,vietnam,vietnam:1,Asia-Pacific,unknown,Generalist / professional,,100,Generalist / professional,job_board,Generalist / professional,https://www.topcv.vn/
vietnam-vietnamworks,VietnamWorks,Country,vietnamworks.com,,Country,,Vietnam,vietnam,vietnam:2,Asia-Pacific,unknown,Generalist / professional,,92,Generalist / professional,job_board,Generalist / professional,https://www.vietnamworks.com/
vietnam-careerviet,CareerViet,Country,careerviet.vn,,Country,,Vietnam,vietnam,vietnam:3,Asia-Pacific,unknown,Generalist / professional,,84,Generalist / professional,job_board,Generalist / professional,https://careerviet.vn/
philippines-jobstreet-philippines,JobStreet Philippines,Country,ph.jobstreet.com,,Country,,Philippines,philippines,philippines:1,Asia-Pacific,unknown,Generalist / professional,,100,Generalist / professional,job_board,Generalist / professional,https://ph.jobstreet.com/
philippines-bossjob,Bossjob,Country,bossjob.com,,Country,,Philippines,philippines,philippines:3,Asia-Pacific,unknown,Tech / startup / professional,,84,Tech / startup / professional,job_board,Tech / startup / professional,https://bossjob.com/
philippines-indeed-philippines,Indeed Philippines,Country,ph.indeed.com,,Country,,Philippines,philippines,philippines:4,Asia-Pacific,unknown,Generalist / aggregator,,76,Generalist / aggregator,job_board,Generalist / aggregator,https://ph.indeed.com/
united-arab-emirates-bayt,Bayt,Country,bayt.com,,Country,,United Arab Emirates;Saudi Arabia;Qatar,united-arab-emirates;saudi-arabia;qatar,united-arab-emirates:2;saudi-arabia:3;qatar:3,Middle East & Africa,unknown,Gulf / professional / generalist,,92,Gulf / professional / generalist,job_board,Gulf / professional / generalist,https://www.bayt.com/
united-arab-emirates-gulftalent,GulfTalent,Country,gulftalent.com,,Country,,United Arab Emirates;Saudi Arabia;Qatar,united-arab-emirates;saudi-arabia;qatar,united-arab-emirates:3;saudi-arabia:4;qatar:5,Middle East & Africa,unknown,Professional / mid-senior / Gulf,,84,Professional / mid-senior / Gulf,specialist,Professional / mid-senior / Gulf,https://www.gulftalent.com/
united-arab-emirates-naukrigulf,NaukriGulf,Country,naukrigulf.com,,Country,,United Arab Emirates;Saudi Arabia;Qatar,united-arab-emirates;saudi-arabia;qatar,united-arab-emirates:4;saudi-arabia:5;qatar:2,Middle East & Africa,unknown,Professional / expat / engineering,,76,Professional / expat / engineering,job_board,Professional / expat / engineering,https://www.naukrigulf.com/
united-arab-emirates-indeed-uae,Indeed UAE,Country,ae.indeed.com,,Country,,United Arab Emirates,united-arab-emirates,united-arab-emirates:5,Middle East & Africa,unknown,Generalist / aggregator,,68,Generalist / aggregator,job_board,Generalist / aggregator,https://ae.indeed.com/
saudi-arabia-jadarat,Jadarat,Country,jadarat.sa,,Country,,Saudi Arabia,saudi-arabia,saudi-arabia:1,Middle East & Africa,unknown,Saudi national employment platform,,100,Saudi national employment platform,public_portal,Saudi national employment platform,https://jadarat.sa/
israel-alljobs,AllJobs,Country,alljobs.co.il,,Country,,Israel,israel,israel:1,Middle East & Africa,unknown,Generalist / Israeli market,,100,Generalist / Israeli market,job_board,Generalist / Israeli market,https://www.alljobs.co.il/
israel-jobmaster,JobMaster,Country,jobmaster.co.il,,Country,,Israel,israel,israel:2,Middle East & Africa,unknown,Generalist / professional,,92,Generalist / professional,job_board,Generalist / professional,https://www.jobmaster.co.il/
israel-drushim-il,Drushim IL,Country,drushim.co.il,,Country,,Israel,israel,israel:3,Middle East & Africa,unknown,Generalist / professional,,84,Generalist / professional,job_board,Generalist / professional,https://www.drushim.co.il/
israel-secret-tel-aviv-jobs,Secret Tel Aviv Jobs,Country,secrettelaviv.com,,Country,,Israel,israel,israel:5,Middle East & Africa,unknown,Startup / international / community,,68,Startup / international / community,community,Startup / international / community,https://www.secrettelaviv.com/
qatar-indeed-qatar,Indeed Qatar,Country,qa.indeed.com,,Country,,Qatar,qatar,qatar:1,Middle East & Africa,unknown,Generalist / aggregator,,100,Generalist / aggregator,job_board,Generalist / aggregator,https://qa.indeed.com/
turkey-kariyer-net,Kariyer.net,Country,kariyer.net,,Country,,Turkey,turkey,turkey:1,Middle East & Africa,unknown,Generalist / Turkish market,,100,Generalist / Turkish market,job_board,Generalist / Turkish market,https://www.kariyer.net/
turkey-eleman-net,Eleman.net,Country,eleman.net,,Country,,Turkey,turkey,turkey:2,Middle East & Africa,unknown,Generalist / operational / professional,,92,Generalist / operational / professional,job_board,Generalist / operational / professional,https://www.eleman.net/
turkey-secretcv,Secretcv,Country,secretcv.com,,Country,,Turkey,turkey,turkey:3,Middle East & Africa,unknown,Generalist / professional,,84,Generalist / professional,job_board,Generalist / professional,https://www.secretcv.com/
turkey-indeed-turkey,Indeed Turkey,Country,tr.indeed.com,,Country,,Turkey,turkey,turkey:5,Middle East & Africa,unknown,Generalist / aggregator,,68,Generalist / aggregator,job_board,Generalist / aggregator,https://tr.indeed.com/
egypt-wuzzuf,Wuzzuf,Country,wuzzuf.net,,Country,,Egypt,egypt,egypt:1,Middle East & Africa,unknown,Professional / tech / startups,,100,Professional / tech / startups,job_board,Professional / tech / startups,https://wuzzuf.net/
egypt-forasna,Forasna,Country,forasna.com,,Country,,Egypt,egypt,egypt:2,Middle East & Africa,unknown,Mass / operational / local,,92,Mass / operational / local,job_board,Mass / operational / local,https://forasna.com/
egypt-akhtaboot,Akhtaboot,Country,akhtaboot.com,,Country,,Egypt,egypt,egypt:3,Middle East & Africa,unknown,Professional / MENA,,84,Professional / MENA,job_board,Professional / MENA,https://www.akhtaboot.com/
egypt-indeed-egypt,Indeed Egypt,Country,eg.indeed.com,,Country,,Egypt,egypt,egypt:5,Middle East & Africa,unknown,Generalist / aggregator,,68,Generalist / aggregator,job_board,Generalist / aggregator,https://eg.indeed.com/
south-africa-pnet,PNet,Country,pnet.co.za,,Country,,South Africa,south-africa,south-africa:1,Middle East & Africa,unknown,Professional / South Africa,,100,Professional / South Africa,job_board,Professional / South Africa,https://www.pnet.co.za/
south-africa-careerjunction,CareerJunction,Country,careerjunction.co.za,,Country,,South Africa,south-africa,south-africa:2,Middle East & Africa,unknown,Professional / skilled roles,,92,Professional / skilled roles,job_board,Professional / skilled roles,https://www.careerjunction.co.za/
south-africa-careers24,Careers24,Country,careers24.com,,Country,,South Africa,south-africa,south-africa:3,Middle East & Africa,unknown,Generalist / South Africa,,84,Generalist / South Africa,job_board,Generalist / South Africa,https://www.careers24.com/
south-africa-indeed-south-africa,Indeed South Africa,Country,za.indeed.com,,Country,,South Africa,south-africa,south-africa:5,Middle East & Africa,unknown,Generalist / aggregator,,68,Generalist / aggregator,job_board,Generalist / aggregator,https://za.indeed.com/
nigeria-jobberman,Jobberman,Country,jobberman.com,,Country,,Nigeria,nigeria,nigeria:1,Middle East & Africa,unknown,Generalist / professional,,100,Generalist / professional,job_board,Generalist / professional,https://www.jobberman.com/
nigeria-myjobmag,MyJobMag,Country,myjobmag.com,,Country,,Nigeria,nigeria,nigeria:2,Middle East & Africa,unknown,Generalist / professional,,92,Generalist / professional,job_board,Generalist / professional,https://www.myjobmag.com/
nigeria-hot-nigerian-jobs,Hot Nigerian Jobs,Country,hotnigerianjobs.com,,Country,,Nigeria,nigeria,nigeria:3,Middle East & Africa,unknown,Generalist / local market,,84,Generalist / local market,job_board,Generalist / local market,https://www.hotnigerianjobs.com/
nigeria-indeed-nigeria,Indeed Nigeria,Country,ng.indeed.com,,Country,,Nigeria,nigeria,nigeria:5,Middle East & Africa,unknown,Generalist / aggregator,,68,Generalist / aggregator,job_board,Generalist / aggregator,https://ng.indeed.com/
kenya-brightermonday-kenya,BrighterMonday Kenya,Country,brightermonday.co.ke,,Country,,Kenya,kenya,kenya:1,Middle East & Africa,unknown,Generalist / East Africa,,100,Generalist / East Africa,job_board,Generalist / East Africa,https://www.brightermonday.co.ke/
kenya-fuzu,Fuzu,Country,fuzu.com,,Country,,Kenya,kenya,kenya:2,Middle East & Africa,unknown,Professional / career platform,,92,Professional / career platform,job_board,Professional / career platform,https://www.fuzu.com/
kenya-myjobmag-kenya,MyJobMag Kenya,Country,myjobmag.co.ke,,Country,,Kenya,kenya,kenya:3,Middle East & Africa,unknown,Generalist / professional,,84,Generalist / professional,job_board,Generalist / professional,https://www.myjobmag.co.ke/
kenya-jobweb-kenya,JobWeb Kenya,Country,jobwebkenya.com,,Country,,Kenya,kenya,kenya:4,Middle East & Africa,unknown,Graduate / professional,,76,Graduate / professional,job_board,Graduate / professional,https://www.jobwebkenya.com/
morocco-rekrute,ReKrute,Country,rekrute.com,,Country,,Morocco,morocco,morocco:1,Middle East & Africa,unknown,Professional / Moroccan market,,100,Professional / Moroccan market,job_board,Professional / Moroccan market,https://www.rekrute.com/
morocco-emploi-ma,Emploi.ma,Country,emploi.ma,,Country,,Morocco,morocco,morocco:2,Middle East & Africa,unknown,Generalist / professional,,92,Generalist / professional,job_board,Generalist / professional,https://www.emploi.ma/
morocco-marocannonces,MarocAnnonces,Country,marocannonces.com,,Country,,Morocco,morocco,morocco:3,Middle East & Africa,unknown,Generalist / local market,,84,Generalist / local market,job_board,Generalist / local market,https://www.marocannonces.com/
morocco-indeed-morocco,Indeed Morocco,Country,ma.indeed.com,,Country,,Morocco,morocco,morocco:5,Middle East & Africa,unknown,Generalist / aggregator,,68,Generalist / aggregator,job_board,Generalist / aggregator,https://ma.indeed.com/
australia-seek,SEEK,Country,seek.com.au,,Country,,Australia,australia,australia:1,Oceania,unknown,Generalist / dominant local board,,100,Generalist / dominant local board,job_board,Generalist / dominant local board,https://www.seek.com.au/
australia-indeed-australia,Indeed Australia,Country,au.indeed.com,,Country,,Australia,australia,australia:2,Oceania,unknown,Generalist / aggregator,,92,Generalist / aggregator,job_board,Generalist / aggregator,https://au.indeed.com/
australia-jora-australia,Jora Australia,Country,au.jora.com,,Country,,Australia,australia,australia:3,Oceania,unknown,Aggregator / generalist,,84,Aggregator / generalist,job_board,Aggregator / generalist,https://au.jora.com/
australia-workforce-australia,Workforce Australia,Country,workforceaustralia.gov.au,,Country,,Australia,australia,australia:4,Oceania,unknown,Government / national,,76,Government / national,public_portal,Government / national,https://www.workforceaustralia.gov.au/
australia-ethicaljobs,EthicalJobs,Country,ethicaljobs.com.au,,Country,,Australia,australia,australia:5,Oceania,unknown,Nonprofit / impact / professional,,68,Nonprofit / impact / professional,specialist,Nonprofit / impact / professional,https://www.ethicaljobs.com.au/
new-zealand-seek-new-zealand,SEEK New Zealand,Country,seek.co.nz,,Country,,New Zealand,new-zealand,new-zealand:1,Oceania,unknown,Generalist / dominant local board,,100,Generalist / dominant local board,job_board,Generalist / dominant local board,https://www.seek.co.nz/
new-zealand-trade-me-jobs,Trade Me Jobs,Country,trademe.co.nz,,Country,,New Zealand,new-zealand,new-zealand:2,Oceania,unknown,Generalist / New Zealand market,,92,Generalist / New Zealand market,job_board,Generalist / New Zealand market,https://www.trademe.co.nz/a/jobs
new-zealand-indeed-new-zealand,Indeed New Zealand,Country,nz.indeed.com,,Country,,New Zealand,new-zealand,new-zealand:3,Oceania,unknown,Generalist / aggregator,,84,Generalist / aggregator,job_board,Generalist / aggregator,https://nz.indeed.com/
new-zealand-work-and-income,Work and Income,Country,workandincome.govt.nz,,Country,,New Zealand,new-zealand,new-zealand:4,Oceania,unknown,Government / national,,76,Government / national,public_portal,Government / national,https://www.workandincome.govt.nz/work/find-jobs/index.html
new-zealand-workhere-new-zealand,Workhere New Zealand,Country,workhere.co.nz,,Country,,New Zealand,new-zealand,new-zealand:5,Oceania,unknown,International / skilled / relocation,,68,International / skilled / relocation,specialist,International / skilled / relocation,https://www.workhere.co.nz/
